[{"pos_x": 166.75, "pos_y": -117.75, "rotation": 0.0, "side": "top", "designator": "", "mpn": null, "pack": "", "value": "", "mount_type": "tht", "place": true}, {"pos_x": 176.6, "pos_y": -115.0, "rotation": 180.0, "side": "top", "designator": "D5", "mpn": null, "pack": "LED_RGB_5050_DOTSTAR", "value": "select_led", "mount_type": "smt", "place": true}, {"pos_x": 48.4, "pos_y": -109.92, "rotation": 90.0, "side": "top", "designator": "", "mpn": null, "pack": "", "value": "", "mount_type": "tht", "place": true}, {"pos_x": 166.75, "pos_y": -108.25, "rotation": 0.0, "side": "top", "designator": "", "mpn": null, "pack": "", "value": "", "mount_type": "tht", "place": true}, {"pos_x": 48.4, "pos_y": -104.84, "rotation": 90.0, "side": "top", "designator": "", "mpn": null, "pack": "", "value": "", "mount_type": "tht", "place": true}, {"pos_x": 166.75, "pos_y": -111.75, "rotation": 0.0, "side": "top", "designator": "", "mpn": null, "pack": "", "value": "", "mount_type": "tht", "place": true}, {"pos_x": 48.4, "pos_y": -122.62, "rotation": 90.0, "side": "top", "designator": "", "mpn": null, "pack": "", "value": "", "mount_type": "tht", "place": true}, {"pos_x": 176.6, "pos_y": -121.95, "rotation": 0.0, "side": "top", "designator": "REF**", "mpn": null, "pack": "SW_SPST_PTS645", "value": "SW_SPST_PTS645", "mount_type": "smt", "place": true}, {"pos_x": 131.4, "pos_y": -122.25, "rotation": 180.0, "side": "top", "designator": "D5", "mpn": null, "pack": "LED_RGB_5050_DOTSTAR", "value": "strum_up_led", "mount_type": "smt", "place": true}, {"pos_x": 111.4, "pos_y": -107.75, "rotation": 180.0, "side": "top", "designator": "D5", "mpn": null, "pack": "LED_RGB_5050_DOTSTAR", "value": "strum_down_led", "mount_type": "smt", "place": true}, {"pos_x": 188.25, "pos_y": -108.05, "rotation": 0.0, "side": "top", "designator": "REF**", "mpn": null, "pack": "SW_SPST_PTS645", "value": "SW_SPST_PTS645", "mount_type": "smt", "place": true}, {"pos_x": 48.4, "pos_y": -112.46, "rotation": 90.0, "side": "top", "designator": "", "mpn": null, "pack": "", "value": "", "mount_type": "tht", "place": true}, {"pos_x": 48.4, "pos_y": -125.16, "rotation": 90.0, "side": "top", "designator": "", "mpn": null, "pack": "", "value": "", "mount_type": "tht", "place": true}, {"pos_x": 188.25, "pos_y": -115.0, "rotation": 180.0, "side": "top", "designator": "D5", "mpn": null, "pack": "LED_RGB_5050_DOTSTAR", "value": "start_led", "mount_type": "smt", "place": true}, {"pos_x": 48.4, "pos_y": -107.38, "rotation": 90.0, "side": "top", "designator": "", "mpn": null, "pack": "", "value": "", "mount_type": "tht", "place": true}, {"pos_x": 48.4, "pos_y": -115.0, "rotation": 90.0, "side": "top", "designator": "", "mpn": null, "pack": "", "value": "", "mount_type": "tht", "place": true}, {"pos_x": 48.4, "pos_y": -117.54, "rotation": 90.0, "side": "top", "designator": "", "mpn": null, "pack": "", "value": "", "mount_type": "tht", "place": true}, {"pos_x": 166.75, "pos_y": -121.25, "rotation": 0.0, "side": "top", "designator": "", "mpn": null, "pack": "", "value": "", "mount_type": "tht", "place": true}, {"pos_x": 48.4, "pos_y": -120.08, "rotation": 90.0, "side": "top", "designator": "", "mpn": null, "pack": "", "value": "", "mount_type": "tht", "place": true}, {"pos_x": 61.7, "pos_y": -115.0, "rotation": 0.0, "side": "top", "designator": "U**", "mpn": null, "pack": "RKJXV1224005", "value": "RKJXV1224005", "mount_type": "tht", "place": true}, {"pos_x": 111.4, "pos_y": -121.75, "rotation": 0.0, "side": "bottom", "designator": " ", "mpn": null, "pack": "SW_MX_HS_1u", "value": "MX_SW_HS", "mount_type": "smt", "place": true}, {"pos_x": 191.01325, "pos_y": -115.0, "rotation": 180.0, "side": "bottom", "designator": "U1", "mpn": null, "pack": "KB2040-ProMicroPins", "value": "ProMicro", "mount_type": "tht", "place": true}, {"pos_x": 170.0, "pos_y": -114.75, "rotation": -90.0, "side": "bottom", "designator": "SINGLE TILT JUMPER", "mpn": null, "pack": "SolderJumper-2_P1.3mm_Open_Pad1.0x1.5mm", "value": "SolderJumper-2_P1.3mm_Open_Pad1.0x1.5mm", "mount_type": "tht", "place": false}, {"pos_x": 131.4, "pos_y": -108.25, "rotation": 180.0, "side": "bottom", "designator": " ", "mpn": null, "pack": "SW_MX_HS_1u", "value": "MX_SW_HS", "mount_type": "smt", "place": true}]