[{"pos_x": 98.0, "pos_y": -99.5, "rotation": 0.0, "side": "top", "designator": "D2", "mpn": null, "pack": "LED_RGB_5050_DOTSTAR", "value": "red_fret_led", "mount_type": "smt", "place": true}, {"pos_x": 181.0, "pos_y": -82.5, "rotation": -90.0, "side": "top", "designator": "", "mpn": null, "pack": "", "value": "R", "mount_type": "tht", "place": true}, {"pos_x": 146.0, "pos_y": -99.5, "rotation": 0.0, "side": "top", "designator": "D4", "mpn": null, "pack": "LED_RGB_5050_DOTSTAR", "value": "blue_fret_led", "mount_type": "smt", "place": true}, {"pos_x": 98.0, "pos_y": -80.5, "rotation": 0.0, "side": "top", "designator": "D2", "mpn": null, "pack": "LED_RGB_5050_DOTSTAR", "value": "red_fret_led", "mount_type": "smt", "place": true}, {"pos_x": 146.0, "pos_y": -80.5, "rotation": 0.0, "side": "top", "designator": "D4", "mpn": null, "pack": "LED_RGB_5050_DOTSTAR", "value": "blue_fret_led", "mount_type": "smt", "place": true}, {"pos_x": 181.0, "pos_y": -97.5, "rotation": 0.0, "side": "top", "designator": "", "mpn": null, "pack": "", "value": "", "mount_type": "tht", "place": true}, {"pos_x": 181.0, "pos_y": -80.0, "rotation": 90.0, "side": "top", "designator": "", "mpn": null, "pack": "", "value": "G", "mount_type": "tht", "place": true}, {"pos_x": 170.0, "pos_y": -80.5, "rotation": 0.0, "side": "top", "designator": "D5", "mpn": null, "pack": "LED_RGB_5050_DOTSTAR", "value": "orange_fret_led", "mount_type": "smt", "place": true}, {"pos_x": 74.0, "pos_y": -80.5, "rotation": 0.0, "side": "top", "designator": "D1", "mpn": null, "pack": "LED_RGB_5050_DOTSTAR", "value": "green_fret_led", "mount_type": "smt", "place": true}, {"pos_x": 170.0, "pos_y": -99.5, "rotation": 0.0, "side": "top", "designator": "D5", "mpn": null, "pack": "LED_RGB_5050_DOTSTAR", "value": "orange_fret_led", "mount_type": "smt", "place": true}, {"pos_x": 181.0, "pos_y": -87.5, "rotation": -90.0, "side": "top", "designator": "", "mpn": null, "pack": "", "value": "B", "mount_type": "tht", "place": true}, {"pos_x": 181.0, "pos_y": -100.0, "rotation": 0.0, "side": "top", "designator": "", "mpn": null, "pack": "", "value": "", "mount_type": "tht", "place": true}, {"pos_x": 122.0, "pos_y": -99.5, "rotation": 0.0, "side": "top", "designator": "D3", "mpn": null, "pack": "LED_RGB_5050_DOTSTAR", "value": "yellow_fret_led", "mount_type": "smt", "place": true}, {"pos_x": 181.0, "pos_y": -85.0, "rotation": 0.0, "side": "top", "designator": "", "mpn": null, "pack": "", "value": "", "mount_type": "tht", "place": true}, {"pos_x": 122.0, "pos_y": -80.5, "rotation": 0.0, "side": "top", "designator": "D3", "mpn": null, "pack": "LED_RGB_5050_DOTSTAR", "value": "yellow_fret_led", "mount_type": "smt", "place": true}, {"pos_x": 181.0, "pos_y": -90.0, "rotation": -90.0, "side": "top", "designator": "", "mpn": null, "pack": "", "value": "O", "mount_type": "tht", "place": true}, {"pos_x": 74.0, "pos_y": -99.5, "rotation": 0.0, "side": "top", "designator": "D1", "mpn": null, "pack": "LED_RGB_5050_DOTSTAR", "value": "green_fret_led", "mount_type": "smt", "place": true}, {"pos_x": 181.0, "pos_y": -95.0, "rotation": 0.0, "side": "top", "designator": "", "mpn": null, "pack": "", "value": "", "mount_type": "tht", "place": true}, {"pos_x": 122.0, "pos_y": -90.0, "rotation": 0.0, "side": "bottom", "designator": "SW3", "mpn": null, "pack": "SW_MX_HS_1u", "value": "MX_SW_HS", "mount_type": "smt", "place": true}, {"pos_x": 181.0, "pos_y": -92.5, "rotation": -90.0, "side": "bottom", "designator": "", "mpn": null, "pack": "", "value": "GND", "mount_type": "tht", "place": true}, {"pos_x": 74.0, "pos_y": -90.0, "rotation": 0.0, "side": "bottom", "designator": "SW1", "mpn": null, "pack": "SW_MX_HS_1u", "value": "MX_SW_HS", "mount_type": "smt", "place": true}, {"pos_x": 170.0, "pos_y": -90.0, "rotation": 0.0, "side": "bottom", "designator": "SW5", "mpn": null, "pack": "SW_MX_HS_1u", "value": "MX_SW_HS", "mount_type": "smt", "place": true}, {"pos_x": 146.0, "pos_y": -90.0, "rotation": 0.0, "side": "bottom", "designator": "SW4", "mpn": null, "pack": "SW_MX_HS_1u", "value": "MX_SW_HS", "mount_type": "smt", "place": true}, {"pos_x": 98.0, "pos_y": -90.0, "rotation": 0.0, "side": "bottom", "designator": "SW2", "mpn": null, "pack": "SW_MX_HS_1u", "value": "MX_SW_HS", "mount_type": "smt", "place": true}]