[{"pos_x": 170.0, "pos_y": -101.5, "rotation": 0.0, "side": "top", "designator": "D5", "mpn": null, "pack": "LED_RGB_5050_DOTSTAR", "value": "orange_fret_led", "mount_type": "smt", "place": true}, {"pos_x": 98.0, "pos_y": -101.5, "rotation": 0.0, "side": "top", "designator": "D2", "mpn": null, "pack": "LED_RGB_5050_DOTSTAR", "value": "red_fret_led", "mount_type": "smt", "place": true}, {"pos_x": 122.0, "pos_y": -101.5, "rotation": 0.0, "side": "top", "designator": "D3", "mpn": null, "pack": "LED_RGB_5050_DOTSTAR", "value": "yellow_fret_led", "mount_type": "smt", "place": true}, {"pos_x": 146.0, "pos_y": -101.5, "rotation": 0.0, "side": "top", "designator": "D4", "mpn": null, "pack": "LED_RGB_5050_DOTSTAR", "value": "blue_fret_led", "mount_type": "smt", "place": true}, {"pos_x": 146.0, "pos_y": -90.0, "rotation": 0.0, "side": "top", "designator": "REF**", "mpn": null, "pack": "Kailh_Hotswap_PG1350", "value": "Kailh_socket_PG1350", "mount_type": "smt", "place": true}, {"pos_x": 180.75, "pos_y": -100.16, "rotation": 90.0, "side": "top", "designator": "", "mpn": null, "pack": "", "value": "", "mount_type": "tht", "place": true}, {"pos_x": 98.0, "pos_y": -78.5, "rotation": 0.0, "side": "top", "designator": "D2", "mpn": null, "pack": "LED_RGB_5050_DOTSTAR", "value": "red_fret_led", "mount_type": "smt", "place": true}, {"pos_x": 74.0, "pos_y": -101.5, "rotation": 0.0, "side": "top", "designator": "D1", "mpn": null, "pack": "LED_RGB_5050_DOTSTAR", "value": "green_fret_led", "mount_type": "smt", "place": true}, {"pos_x": 146.0, "pos_y": -78.5, "rotation": 0.0, "side": "top", "designator": "D4", "mpn": null, "pack": "LED_RGB_5050_DOTSTAR", "value": "blue_fret_led", "mount_type": "smt", "place": true}, {"pos_x": 170.0, "pos_y": -78.5, "rotation": 0.0, "side": "top", "designator": "D5", "mpn": null, "pack": "LED_RGB_5050_DOTSTAR", "value": "orange_fret_led", "mount_type": "smt", "place": true}, {"pos_x": 74.0, "pos_y": -78.5, "rotation": 0.0, "side": "top", "designator": "D1", "mpn": null, "pack": "LED_RGB_5050_DOTSTAR", "value": "green_fret_led", "mount_type": "smt", "place": true}, {"pos_x": 180.75, "pos_y": -90.0, "rotation": 90.0, "side": "top", "designator": "", "mpn": null, "pack": "", "value": "", "mount_type": "tht", "place": true}, {"pos_x": 180.75, "pos_y": -95.08, "rotation": 90.0, "side": "top", "designator": "", "mpn": null, "pack": "", "value": "", "mount_type": "tht", "place": true}, {"pos_x": 122.0, "pos_y": -90.0, "rotation": 0.0, "side": "top", "designator": "REF**", "mpn": null, "pack": "Kailh_Hotswap_PG1350", "value": "Kailh_socket_PG1350", "mount_type": "smt", "place": true}, {"pos_x": 74.0, "pos_y": -90.0, "rotation": 0.0, "side": "top", "designator": "REF**", "mpn": null, "pack": "Kailh_Hotswap_PG1350", "value": "Kailh_socket_PG1350", "mount_type": "smt", "place": true}, {"pos_x": 180.75, "pos_y": -92.54, "rotation": 90.0, "side": "top", "designator": "", "mpn": null, "pack": "", "value": "", "mount_type": "tht", "place": true}, {"pos_x": 98.0, "pos_y": -90.0, "rotation": 0.0, "side": "top", "designator": "REF**", "mpn": null, "pack": "Kailh_Hotswap_PG1350", "value": "Kailh_socket_PG1350", "mount_type": "smt", "place": true}, {"pos_x": 180.75, "pos_y": -97.62, "rotation": 90.0, "side": "top", "designator": "", "mpn": null, "pack": "", "value": "", "mount_type": "tht", "place": true}, {"pos_x": 122.0, "pos_y": -78.5, "rotation": 0.0, "side": "top", "designator": "D3", "mpn": null, "pack": "LED_RGB_5050_DOTSTAR", "value": "yellow_fret_led", "mount_type": "smt", "place": true}, {"pos_x": 180.75, "pos_y": -87.46, "rotation": 90.0, "side": "top", "designator": "", "mpn": null, "pack": "", "value": "", "mount_type": "tht", "place": true}, {"pos_x": 170.0, "pos_y": -90.0, "rotation": 0.0, "side": "top", "designator": "REF**", "mpn": null, "pack": "Kailh_Hotswap_PG1350", "value": "Kailh_socket_PG1350", "mount_type": "smt", "place": true}, {"pos_x": 180.75, "pos_y": -84.92, "rotation": 90.0, "side": "top", "designator": "", "mpn": null, "pack": "", "value": "", "mount_type": "tht", "place": true}, {"pos_x": 180.75, "pos_y": -79.84, "rotation": 90.0, "side": "top", "designator": "", "mpn": null, "pack": "", "value": "", "mount_type": "tht", "place": true}, {"pos_x": 180.75, "pos_y": -82.38, "rotation": 90.0, "side": "top", "designator": "", "mpn": null, "pack": "", "value": "", "mount_type": "tht", "place": true}]